sex,department,status
male,A,accepted
male,A,accepted
male,A,accepted
male,A,accepted
male,A,accepted
male,A,accepted
male,A,accepted
male,A,accepted
male,A,accepted
male,A,accepted
male,A,accepted
male,A,accepted
male,A,accepted
male,A,accepted
male,A,accepted
male,A,accepted
male,A,accepted
male,A,accepted
male,A,accepted
male,A,accepted
male,A,accepted
male,A,accepted
male,A,accepted
male,A,accepted
male,A,accepted
male,A,accepted
male,A,accepted
male,A,accepted
male,A,accepted
male,A,accepted
male,A,accepted
male,A,accepted
male,A,accepted
male,A,accepted
male,A,accepted
male,A,accepted
male,A,accepted
male,A,accepted
male,A,accepted
male,A,accepted
male,A,accepted
male,A,accepted
male,A,accepted
male,A,accepted
male,A,accepted
male,A,accepted
male,A,accepted
male,A,accepted
male,A,accepted
male,A,accepted
male,A,accepted
male,A,accepted
male,A,accepted
male,A,accepted
male,A,accepted
male,A,accepted
male,A,accepted
male,A,accepted
male,A,accepted
male,A,accepted
male,A,accepted
male,A,accepted
male,A,accepted
male,A,accepted
male,A,accepted
male,A,accepted
male,A,accepted
male,A,accepted
male,A,accepted
male,A,accepted
male,A,accepted
male,A,accepted
male,A,accepted
male,A,accepted
male,A,accepted
male,A,accepted
male,A,accepted
male,A,accepted
male,A,accepted
male,A,accepted
male,A,accepted
male,A,accepted
male,A,accepted
male,A,accepted
male,A,accepted
male,A,accepted
male,A,accepted
male,A,accepted
male,A,accepted
male,A,accepted
male,A,accepted
male,A,accepted
male,A,accepted
male,A,accepted
male,A,accepted
male,A,accepted
male,A,accepted
male,A,accepted
male,A,accepted
male,A,accepted
male,A,accepted
male,A,accepted
male,A,accepted
male,A,accepted
male,A,accepted
male,A,accepted
male,A,accepted
male,A,accepted
male,A,accepted
male,A,accepted
male,A,accepted
male,A,accepted
male,A,accepted
male,A,accepted
male,A,accepted
male,A,accepted
male,A,accepted
male,A,accepted
male,A,accepted
male,A,accepted
male,A,accepted
male,A,accepted
male,A,accepted
male,A,accepted
male,A,accepted
male,A,accepted
male,A,accepted
male,A,accepted
male,A,accepted
male,A,accepted
male,A,accepted
male,A,accepted
male,A,accepted
male,A,accepted
male,A,accepted
male,A,accepted
male,A,accepted
male,A,accepted
male,A,accepted
male,A,accepted
male,A,accepted
male,A,accepted
male,A,accepted
male,A,accepted
male,A,accepted
male,A,accepted
male,A,accepted
male,A,accepted
male,A,accepted
male,A,accepted
male,A,accepted
male,A,accepted
male,A,accepted
male,A,accepted
male,A,accepted
male,A,accepted
male,A,accepted
male,A,accepted
male,A,accepted
male,A,accepted
male,A,accepted
male,A,accepted
male,A,accepted
male,A,accepted
male,A,accepted
male,A,accepted
male,A,accepted
male,A,accepted
male,A,accepted
male,A,accepted
male,A,accepted
male,A,accepted
male,A,accepted
male,A,accepted
male,A,accepted
male,A,accepted
male,A,accepted
male,A,accepted
male,A,accepted
male,A,accepted
male,A,accepted
male,A,accepted
male,A,accepted
male,A,accepted
male,A,accepted
male,A,accepted
male,A,accepted
male,A,accepted
male,A,accepted
male,A,accepted
male,A,accepted
male,A,accepted
male,A,accepted
male,A,accepted
male,A,accepted
male,A,accepted
male,A,accepted
male,A,accepted
male,A,accepted
male,A,accepted
male,A,accepted
male,A,accepted
male,A,accepted
male,A,accepted
male,A,accepted
male,A,accepted
male,A,accepted
male,A,accepted
male,A,accepted
male,A,accepted
male,A,accepted
male,A,accepted
male,A,accepted
male,A,accepted
male,A,accepted
male,A,accepted
male,A,accepted
male,A,accepted
male,A,accepted
male,A,accepted
male,A,accepted
male,A,accepted
male,A,accepted
male,A,accepted
male,A,accepted
male,A,accepted
male,A,accepted
male,A,accepted
male,A,accepted
male,A,accepted
male,A,accepted
male,A,accepted
male,A,accepted
male,A,accepted
male,A,accepted
male,A,accepted
male,A,accepted
male,A,accepted
male,A,accepted
male,A,accepted
male,A,accepted
male,A,accepted
male,A,accepted
male,A,accepted
male,A,accepted
male,A,accepted
male,A,accepted
male,A,accepted
male,A,accepted
male,A,accepted
male,A,accepted
male,A,accepted
male,A,accepted
male,A,accepted
male,A,accepted
male,A,accepted
male,A,accepted
male,A,accepted
male,A,accepted
male,A,accepted
male,A,accepted
male,A,accepted
male,A,accepted
male,A,accepted
male,A,accepted
male,A,accepted
male,A,accepted
male,A,accepted
male,A,accepted
male,A,accepted
male,A,accepted
male,A,accepted
male,A,accepted
male,A,accepted
male,A,accepted
male,A,accepted
male,A,accepted
male,A,accepted
male,A,accepted
male,A,accepted
male,A,accepted
male,A,accepted
male,A,accepted
male,A,accepted
male,A,accepted
male,A,accepted
male,A,accepted
male,A,accepted
male,A,accepted
male,A,accepted
male,A,accepted
male,A,accepted
male,A,accepted
male,A,accepted
male,A,accepted
male,A,accepted
male,A,accepted
male,A,accepted
male,A,accepted
male,A,accepted
male,A,accepted
male,A,accepted
male,A,accepted
male,A,accepted
male,A,accepted
male,A,accepted
male,A,accepted
male,A,accepted
male,A,accepted
male,A,accepted
male,A,accepted
male,A,accepted
male,A,accepted
male,A,accepted
male,A,accepted
male,A,accepted
male,A,accepted
male,A,accepted
male,A,accepted
male,A,accepted
male,A,accepted
male,A,accepted
male,A,accepted
male,A,accepted
male,A,accepted
male,A,accepted
male,A,accepted
male,A,accepted
male,A,accepted
male,A,accepted
male,A,accepted
male,A,accepted
male,A,accepted
male,A,accepted
male,A,accepted
male,A,accepted
male,A,accepted
male,A,accepted
male,A,accepted
male,A,accepted
male,A,accepted
male,A,accepted
male,A,accepted
male,A,accepted
male,A,accepted
male,A,accepted
male,A,accepted
male,A,accepted
male,A,accepted
male,A,accepted
male,A,accepted
male,A,accepted
male,A,accepted
male,A,accepted
male,A,accepted
male,A,accepted
male,A,accepted
male,A,accepted
male,A,accepted
male,A,accepted
male,A,accepted
male,A,accepted
male,A,accepted
male,A,accepted
male,A,accepted
male,A,accepted
male,A,accepted
male,A,accepted
male,A,accepted
male,A,accepted
male,A,accepted
male,A,accepted
male,A,accepted
male,A,accepted
male,A,accepted
male,A,accepted
male,A,accepted
male,A,accepted
male,A,accepted
male,A,accepted
male,A,accepted
male,A,accepted
male,A,accepted
male,A,accepted
male,A,accepted
male,A,accepted
male,A,accepted
male,A,accepted
male,A,accepted
male,A,accepted
male,A,accepted
male,A,accepted
male,A,accepted
male,A,accepted
male,A,accepted
male,A,accepted
male,A,accepted
male,A,accepted
male,A,accepted
male,A,accepted
male,A,accepted
male,A,accepted
male,A,accepted
male,A,accepted
male,A,accepted
male,A,accepted
male,A,accepted
male,A,accepted
male,A,accepted
male,A,accepted
male,A,accepted
male,A,accepted
male,A,accepted
male,A,accepted
male,A,accepted
male,A,accepted
male,A,accepted
male,A,accepted
male,A,accepted
male,A,accepted
male,A,accepted
male,A,accepted
male,A,accepted
male,A,accepted
male,A,accepted
male,A,accepted
male,A,accepted
male,A,accepted
male,A,accepted
male,A,accepted
male,A,accepted
male,A,accepted
male,A,accepted
male,A,accepted
male,A,accepted
male,A,accepted
male,A,accepted
male,A,accepted
male,A,accepted
male,A,accepted
male,A,accepted
male,A,accepted
male,A,accepted
male,A,accepted
male,A,accepted
male,A,accepted
male,A,accepted
male,A,accepted
male,A,accepted
male,A,accepted
male,A,accepted
male,A,accepted
male,A,accepted
male,A,accepted
male,A,accepted
male,A,accepted
male,A,accepted
male,A,accepted
male,A,accepted
male,A,accepted
male,A,accepted
male,A,accepted
male,A,accepted
male,A,accepted
male,A,accepted
male,A,accepted
male,A,accepted
male,A,accepted
male,A,accepted
male,A,accepted
male,A,accepted
male,A,accepted
male,A,accepted
male,A,accepted
male,A,accepted
male,A,accepted
male,A,accepted
male,A,accepted
male,A,accepted
male,A,accepted
male,A,accepted
male,A,accepted
male,A,accepted
male,A,accepted
male,A,accepted
male,A,accepted
male,A,accepted
male,A,accepted
male,A,accepted
male,A,accepted
male,A,accepted
male,A,accepted
male,A,accepted
male,A,accepted
male,A,accepted
male,A,accepted
male,A,accepted
male,A,accepted
male,A,accepted
male,A,accepted
male,A,accepted
male,A,accepted
male,A,accepted
male,A,accepted
male,A,accepted
male,A,accepted
male,A,accepted
male,A,accepted
male,A,accepted
male,A,accepted
male,A,accepted
male,A,accepted
male,A,rejected
male,A,rejected
male,A,rejected
male,A,rejected
male,A,rejected
male,A,rejected
male,A,rejected
male,A,rejected
male,A,rejected
male,A,rejected
male,A,rejected
male,A,rejected
male,A,rejected
male,A,rejected
male,A,rejected
male,A,rejected
male,A,rejected
male,A,rejected
male,A,rejected
male,A,rejected
male,A,rejected
male,A,rejected
male,A,rejected
male,A,rejected
male,A,rejected
male,A,rejected
male,A,rejected
male,A,rejected
male,A,rejected
male,A,rejected
male,A,rejected
male,A,rejected
male,A,rejected
male,A,rejected
male,A,rejected
male,A,rejected
male,A,rejected
male,A,rejected
male,A,rejected
male,A,rejected
male,A,rejected
male,A,rejected
male,A,rejected
male,A,rejected
male,A,rejected
male,A,rejected
male,A,rejected
male,A,rejected
male,A,rejected
male,A,rejected
male,A,rejected
male,A,rejected
male,A,rejected
male,A,rejected
male,A,rejected
male,A,rejected
male,A,rejected
male,A,rejected
male,A,rejected
male,A,rejected
male,A,rejected
male,A,rejected
male,A,rejected
male,A,rejected
male,A,rejected
male,A,rejected
male,A,rejected
male,A,rejected
male,A,rejected
male,A,rejected
male,A,rejected
male,A,rejected
male,A,rejected
male,A,rejected
male,A,rejected
male,A,rejected
male,A,rejected
male,A,rejected
male,A,rejected
male,A,rejected
male,A,rejected
male,A,rejected
male,A,rejected
male,A,rejected
male,A,rejected
male,A,rejected
male,A,rejected
male,A,rejected
male,A,rejected
male,A,rejected
male,A,rejected
male,A,rejected
male,A,rejected
male,A,rejected
male,A,rejected
male,A,rejected
male,A,rejected
male,A,rejected
male,A,rejected
male,A,rejected
male,A,rejected
male,A,rejected
male,A,rejected
male,A,rejected
male,A,rejected
male,A,rejected
male,A,rejected
male,A,rejected
male,A,rejected
male,A,rejected
male,A,rejected
male,A,rejected
male,A,rejected
male,A,rejected
male,A,rejected
male,A,rejected
male,A,rejected
male,A,rejected
male,A,rejected
male,A,rejected
male,A,rejected
male,A,rejected
male,A,rejected
male,A,rejected
male,A,rejected
male,A,rejected
male,A,rejected
male,A,rejected
male,A,rejected
male,A,rejected
male,A,rejected
male,A,rejected
male,A,rejected
male,A,rejected
male,A,rejected
male,A,rejected
male,A,rejected
male,A,rejected
male,A,rejected
male,A,rejected
male,A,rejected
male,A,rejected
male,A,rejected
male,A,rejected
male,A,rejected
male,A,rejected
male,A,rejected
male,A,rejected
male,A,rejected
male,A,rejected
male,A,rejected
male,A,rejected
male,A,rejected
male,A,rejected
male,A,rejected
male,A,rejected
male,A,rejected
male,A,rejected
male,A,rejected
male,A,rejected
male,A,rejected
male,A,rejected
male,A,rejected
male,A,rejected
male,A,rejected
male,A,rejected
male,A,rejected
male,A,rejected
male,A,rejected
male,A,rejected
male,A,rejected
male,A,rejected
male,A,rejected
male,A,rejected
male,A,rejected
male,A,rejected
male,A,rejected
male,A,rejected
male,A,rejected
male,A,rejected
male,A,rejected
male,A,rejected
male,A,rejected
male,A,rejected
male,A,rejected
male,A,rejected
male,A,rejected
male,A,rejected
male,A,rejected
male,A,rejected
male,A,rejected
male,A,rejected
male,A,rejected
male,A,rejected
male,A,rejected
male,A,rejected
male,A,rejected
male,A,rejected
male,A,rejected
male,A,rejected
male,A,rejected
male,A,rejected
male,A,rejected
male,A,rejected
male,A,rejected
male,A,rejected
male,A,rejected
male,A,rejected
male,A,rejected
male,A,rejected
male,A,rejected
male,A,rejected
male,A,rejected
male,A,rejected
male,A,rejected
male,A,rejected
male,A,rejected
male,A,rejected
male,A,rejected
male,A,rejected
male,A,rejected
male,A,rejected
male,A,rejected
male,A,rejected
male,A,rejected
male,A,rejected
male,A,rejected
male,A,rejected
male,A,rejected
male,A,rejected
male,A,rejected
male,A,rejected
male,A,rejected
male,A,rejected
male,A,rejected
male,A,rejected
male,A,rejected
male,A,rejected
male,A,rejected
male,A,rejected
male,A,rejected
male,A,rejected
male,A,rejected
male,A,rejected
male,A,rejected
male,A,rejected
male,A,rejected
male,A,rejected
male,A,rejected
male,A,rejected
male,A,rejected
male,A,rejected
male,A,rejected
male,A,rejected
male,A,rejected
male,A,rejected
male,A,rejected
male,A,rejected
male,A,rejected
male,A,rejected
male,A,rejected
male,A,rejected
male,A,rejected
male,A,rejected
male,A,rejected
male,A,rejected
male,A,rejected
male,A,rejected
male,A,rejected
male,A,rejected
male,A,rejected
male,A,rejected
male,A,rejected
male,A,rejected
male,A,rejected
male,A,rejected
male,A,rejected
male,A,rejected
male,A,rejected
male,A,rejected
male,A,rejected
male,A,rejected
male,A,rejected
male,A,rejected
male,A,rejected
male,A,rejected
male,A,rejected
male,A,rejected
male,A,rejected
male,A,rejected
male,A,rejected
male,A,rejected
male,A,rejected
male,A,rejected
male,A,rejected
male,A,rejected
male,A,rejected
male,A,rejected
male,A,rejected
male,A,rejected
male,A,rejected
male,A,rejected
male,A,rejected
male,A,rejected
male,A,rejected
male,A,rejected
male,A,rejected
male,A,rejected
male,A,rejected
male,A,rejected
male,A,rejected
male,A,rejected
male,A,rejected
female,A,accepted
female,A,accepted
female,A,accepted
female,A,accepted
female,A,accepted
female,A,accepted
female,A,accepted
female,A,accepted
female,A,accepted
female,A,accepted
female,A,accepted
female,A,accepted
female,A,accepted
female,A,accepted
female,A,accepted
female,A,accepted
female,A,accepted
female,A,accepted
female,A,accepted
female,A,accepted
female,A,accepted
female,A,accepted
female,A,accepted
female,A,accepted
female,A,accepted
female,A,accepted
female,A,accepted
female,A,accepted
female,A,accepted
female,A,accepted
female,A,accepted
female,A,accepted
female,A,accepted
female,A,accepted
female,A,accepted
female,A,accepted
female,A,accepted
female,A,accepted
female,A,accepted
female,A,accepted
female,A,accepted
female,A,accepted
female,A,accepted
female,A,accepted
female,A,accepted
female,A,accepted
female,A,accepted
female,A,accepted
female,A,accepted
female,A,accepted
female,A,accepted
female,A,accepted
female,A,accepted
female,A,accepted
female,A,accepted
female,A,accepted
female,A,accepted
female,A,accepted
female,A,accepted
female,A,accepted
female,A,accepted
female,A,accepted
female,A,accepted
female,A,accepted
female,A,accepted
female,A,accepted
female,A,accepted
female,A,accepted
female,A,accepted
female,A,accepted
female,A,accepted
female,A,accepted
female,A,accepted
female,A,accepted
female,A,accepted
female,A,accepted
female,A,accepted
female,A,accepted
female,A,accepted
female,A,accepted
female,A,accepted
female,A,accepted
female,A,accepted
female,A,accepted
female,A,accepted
female,A,accepted
female,A,accepted
female,A,accepted
female,A,accepted
female,A,rejected
female,A,rejected
female,A,rejected
female,A,rejected
female,A,rejected
female,A,rejected
female,A,rejected
female,A,rejected
female,A,rejected
female,A,rejected
female,A,rejected
female,A,rejected
female,A,rejected
female,A,rejected
female,A,rejected
female,A,rejected
female,A,rejected
female,A,rejected
female,A,rejected
male,B,accepted
male,B,accepted
male,B,accepted
male,B,accepted
male,B,accepted
male,B,accepted
male,B,accepted
male,B,accepted
male,B,accepted
male,B,accepted
male,B,accepted
male,B,accepted
male,B,accepted
male,B,accepted
male,B,accepted
male,B,accepted
male,B,accepted
male,B,accepted
male,B,accepted
male,B,accepted
male,B,accepted
male,B,accepted
male,B,accepted
male,B,accepted
male,B,accepted
male,B,accepted
male,B,accepted
male,B,accepted
male,B,accepted
male,B,accepted
male,B,accepted
male,B,accepted
male,B,accepted
male,B,accepted
male,B,accepted
male,B,accepted
male,B,accepted
male,B,accepted
male,B,accepted
male,B,accepted
male,B,accepted
male,B,accepted
male,B,accepted
male,B,accepted
male,B,accepted
male,B,accepted
male,B,accepted
male,B,accepted
male,B,accepted
male,B,accepted
male,B,accepted
male,B,accepted
male,B,accepted
male,B,accepted
male,B,accepted
male,B,accepted
male,B,accepted
male,B,accepted
male,B,accepted
male,B,accepted
male,B,accepted
male,B,accepted
male,B,accepted
male,B,accepted
male,B,accepted
male,B,accepted
male,B,accepted
male,B,accepted
male,B,accepted
male,B,accepted
male,B,accepted
male,B,accepted
male,B,accepted
male,B,accepted
male,B,accepted
male,B,accepted
male,B,accepted
male,B,accepted
male,B,accepted
male,B,accepted
male,B,accepted
male,B,accepted
male,B,accepted
male,B,accepted
male,B,accepted
male,B,accepted
male,B,accepted
male,B,accepted
male,B,accepted
male,B,accepted
male,B,accepted
male,B,accepted
male,B,accepted
male,B,accepted
male,B,accepted
male,B,accepted
male,B,accepted
male,B,accepted
male,B,accepted
male,B,accepted
male,B,accepted
male,B,accepted
male,B,accepted
male,B,accepted
male,B,accepted
male,B,accepted
male,B,accepted
male,B,accepted
male,B,accepted
male,B,accepted
male,B,accepted
male,B,accepted
male,B,accepted
male,B,accepted
male,B,accepted
male,B,accepted
male,B,accepted
male,B,accepted
male,B,accepted
male,B,accepted
male,B,accepted
male,B,accepted
male,B,accepted
male,B,accepted
male,B,accepted
male,B,accepted
male,B,accepted
male,B,accepted
male,B,accepted
male,B,accepted
male,B,accepted
male,B,accepted
male,B,accepted
male,B,accepted
male,B,accepted
male,B,accepted
male,B,accepted
male,B,accepted
male,B,accepted
male,B,accepted
male,B,accepted
male,B,accepted
male,B,accepted
male,B,accepted
male,B,accepted
male,B,accepted
male,B,accepted
male,B,accepted
male,B,accepted
male,B,accepted
male,B,accepted
male,B,accepted
male,B,accepted
male,B,accepted
male,B,accepted
male,B,accepted
male,B,accepted
male,B,accepted
male,B,accepted
male,B,accepted
male,B,accepted
male,B,accepted
male,B,accepted
male,B,accepted
male,B,accepted
male,B,accepted
male,B,accepted
male,B,accepted
male,B,accepted
male,B,accepted
male,B,accepted
male,B,accepted
male,B,accepted
male,B,accepted
male,B,accepted
male,B,accepted
male,B,accepted
male,B,accepted
male,B,accepted
male,B,accepted
male,B,accepted
male,B,accepted
male,B,accepted
male,B,accepted
male,B,accepted
male,B,accepted
male,B,accepted
male,B,accepted
male,B,accepted
male,B,accepted
male,B,accepted
male,B,accepted
male,B,accepted
male,B,accepted
male,B,accepted
male,B,accepted
male,B,accepted
male,B,accepted
male,B,accepted
male,B,accepted
male,B,accepted
male,B,accepted
male,B,accepted
male,B,accepted
male,B,accepted
male,B,accepted
male,B,accepted
male,B,accepted
male,B,accepted
male,B,accepted
male,B,accepted
male,B,accepted
male,B,accepted
male,B,accepted
male,B,accepted
male,B,accepted
male,B,accepted
male,B,accepted
male,B,accepted
male,B,accepted
male,B,accepted
male,B,accepted
male,B,accepted
male,B,accepted
male,B,accepted
male,B,accepted
male,B,accepted
male,B,accepted
male,B,accepted
male,B,accepted
male,B,accepted
male,B,accepted
male,B,accepted
male,B,accepted
male,B,accepted
male,B,accepted
male,B,accepted
male,B,accepted
male,B,accepted
male,B,accepted
male,B,accepted
male,B,accepted
male,B,accepted
male,B,accepted
male,B,accepted
male,B,accepted
male,B,accepted
male,B,accepted
male,B,accepted
male,B,accepted
male,B,accepted
male,B,accepted
male,B,accepted
male,B,accepted
male,B,accepted
male,B,accepted
male,B,accepted
male,B,accepted
male,B,accepted
male,B,accepted
male,B,accepted
male,B,accepted
male,B,accepted
male,B,accepted
male,B,accepted
male,B,accepted
male,B,accepted
male,B,accepted
male,B,accepted
male,B,accepted
male,B,accepted
male,B,accepted
male,B,accepted
male,B,accepted
male,B,accepted
male,B,accepted
male,B,accepted
male,B,accepted
male,B,accepted
male,B,accepted
male,B,accepted
male,B,accepted
male,B,accepted
male,B,accepted
male,B,accepted
male,B,accepted
male,B,accepted
male,B,accepted
male,B,accepted
male,B,accepted
male,B,accepted
male,B,accepted
male,B,accepted
male,B,accepted
male,B,accepted
male,B,accepted
male,B,accepted
male,B,accepted
male,B,accepted
male,B,accepted
male,B,accepted
male,B,accepted
male,B,accepted
male,B,accepted
male,B,accepted
male,B,accepted
male,B,accepted
male,B,accepted
male,B,accepted
male,B,accepted
male,B,accepted
male,B,accepted
male,B,accepted
male,B,accepted
male,B,accepted
male,B,accepted
male,B,accepted
male,B,accepted
male,B,accepted
male,B,accepted
male,B,accepted
male,B,accepted
male,B,accepted
male,B,accepted
male,B,accepted
male,B,accepted
male,B,accepted
male,B,accepted
male,B,accepted
male,B,accepted
male,B,accepted
male,B,accepted
male,B,accepted
male,B,accepted
male,B,accepted
male,B,accepted
male,B,accepted
male,B,accepted
male,B,accepted
male,B,accepted
male,B,accepted
male,B,accepted
male,B,accepted
male,B,accepted
male,B,accepted
male,B,accepted
male,B,accepted
male,B,accepted
male,B,accepted
male,B,accepted
male,B,accepted
male,B,accepted
male,B,accepted
male,B,rejected
male,B,rejected
male,B,rejected
male,B,rejected
male,B,rejected
male,B,rejected
male,B,rejected
male,B,rejected
male,B,rejected
male,B,rejected
male,B,rejected
male,B,rejected
male,B,rejected
male,B,rejected
male,B,rejected
male,B,rejected
male,B,rejected
male,B,rejected
male,B,rejected
male,B,rejected
male,B,rejected
male,B,rejected
male,B,rejected
male,B,rejected
male,B,rejected
male,B,rejected
male,B,rejected
male,B,rejected
male,B,rejected
male,B,rejected
male,B,rejected
male,B,rejected
male,B,rejected
male,B,rejected
male,B,rejected
male,B,rejected
male,B,rejected
male,B,rejected
male,B,rejected
male,B,rejected
male,B,rejected
male,B,rejected
male,B,rejected
male,B,rejected
male,B,rejected
male,B,rejected
male,B,rejected
male,B,rejected
male,B,rejected
male,B,rejected
male,B,rejected
male,B,rejected
male,B,rejected
male,B,rejected
male,B,rejected
male,B,rejected
male,B,rejected
male,B,rejected
male,B,rejected
male,B,rejected
male,B,rejected
male,B,rejected
male,B,rejected
male,B,rejected
male,B,rejected
male,B,rejected
male,B,rejected
male,B,rejected
male,B,rejected
male,B,rejected
male,B,rejected
male,B,rejected
male,B,rejected
male,B,rejected
male,B,rejected
male,B,rejected
male,B,rejected
male,B,rejected
male,B,rejected
male,B,rejected
male,B,rejected
male,B,rejected
male,B,rejected
male,B,rejected
male,B,rejected
male,B,rejected
male,B,rejected
male,B,rejected
male,B,rejected
male,B,rejected
male,B,rejected
male,B,rejected
male,B,rejected
male,B,rejected
male,B,rejected
male,B,rejected
male,B,rejected
male,B,rejected
male,B,rejected
male,B,rejected
male,B,rejected
male,B,rejected
male,B,rejected
male,B,rejected
male,B,rejected
male,B,rejected
male,B,rejected
male,B,rejected
male,B,rejected
male,B,rejected
male,B,rejected
male,B,rejected
male,B,rejected
male,B,rejected
male,B,rejected
male,B,rejected
male,B,rejected
male,B,rejected
male,B,rejected
male,B,rejected
male,B,rejected
male,B,rejected
male,B,rejected
male,B,rejected
male,B,rejected
male,B,rejected
male,B,rejected
male,B,rejected
male,B,rejected
male,B,rejected
male,B,rejected
male,B,rejected
male,B,rejected
male,B,rejected
male,B,rejected
male,B,rejected
male,B,rejected
male,B,rejected
male,B,rejected
male,B,rejected
male,B,rejected
male,B,rejected
male,B,rejected
male,B,rejected
male,B,rejected
male,B,rejected
male,B,rejected
male,B,rejected
male,B,rejected
male,B,rejected
male,B,rejected
male,B,rejected
male,B,rejected
male,B,rejected
male,B,rejected
male,B,rejected
male,B,rejected
male,B,rejected
male,B,rejected
male,B,rejected
male,B,rejected
male,B,rejected
male,B,rejected
male,B,rejected
male,B,rejected
male,B,rejected
male,B,rejected
male,B,rejected
male,B,rejected
male,B,rejected
male,B,rejected
male,B,rejected
male,B,rejected
male,B,rejected
male,B,rejected
male,B,rejected
male,B,rejected
male,B,rejected
male,B,rejected
male,B,rejected
male,B,rejected
male,B,rejected
male,B,rejected
male,B,rejected
male,B,rejected
male,B,rejected
male,B,rejected
male,B,rejected
male,B,rejected
male,B,rejected
male,B,rejected
male,B,rejected
male,B,rejected
male,B,rejected
male,B,rejected
male,B,rejected
male,B,rejected
male,B,rejected
male,B,rejected
male,B,rejected
male,B,rejected
male,B,rejected
male,B,rejected
male,B,rejected
male,B,rejected
male,B,rejected
male,B,rejected
female,B,accepted
female,B,accepted
female,B,accepted
female,B,accepted
female,B,accepted
female,B,accepted
female,B,accepted
female,B,accepted
female,B,accepted
female,B,accepted
female,B,accepted
female,B,accepted
female,B,accepted
female,B,accepted
female,B,accepted
female,B,accepted
female,B,accepted
female,B,rejected
female,B,rejected
female,B,rejected
female,B,rejected
female,B,rejected
female,B,rejected
female,B,rejected
female,B,rejected
male,C,accepted
male,C,accepted
male,C,accepted
male,C,accepted
male,C,accepted
male,C,accepted
male,C,accepted
male,C,accepted
male,C,accepted
male,C,accepted
male,C,accepted
male,C,accepted
male,C,accepted
male,C,accepted
male,C,accepted
male,C,accepted
male,C,accepted
male,C,accepted
male,C,accepted
male,C,accepted
male,C,accepted
male,C,accepted
male,C,accepted
male,C,accepted
male,C,accepted
male,C,accepted
male,C,accepted
male,C,accepted
male,C,accepted
male,C,accepted
male,C,accepted
male,C,accepted
male,C,accepted
male,C,accepted
male,C,accepted
male,C,accepted
male,C,accepted
male,C,accepted
male,C,accepted
male,C,accepted
male,C,accepted
male,C,accepted
male,C,accepted
male,C,accepted
male,C,accepted
male,C,accepted
male,C,accepted
male,C,accepted
male,C,accepted
male,C,accepted
male,C,accepted
male,C,accepted
male,C,accepted
male,C,accepted
male,C,accepted
male,C,accepted
male,C,accepted
male,C,accepted
male,C,accepted
male,C,accepted
male,C,accepted
male,C,accepted
male,C,accepted
male,C,accepted
male,C,accepted
male,C,accepted
male,C,accepted
male,C,accepted
male,C,accepted
male,C,accepted
male,C,accepted
male,C,accepted
male,C,accepted
male,C,accepted
male,C,accepted
male,C,accepted
male,C,accepted
male,C,accepted
male,C,accepted
male,C,accepted
male,C,accepted
male,C,accepted
male,C,accepted
male,C,accepted
male,C,accepted
male,C,accepted
male,C,accepted
male,C,accepted
male,C,accepted
male,C,accepted
male,C,accepted
male,C,accepted
male,C,accepted
male,C,accepted
male,C,accepted
male,C,accepted
male,C,accepted
male,C,accepted
male,C,accepted
male,C,accepted
male,C,accepted
male,C,accepted
male,C,accepted
male,C,accepted
male,C,accepted
male,C,accepted
male,C,accepted
male,C,accepted
male,C,accepted
male,C,accepted
male,C,accepted
male,C,accepted
male,C,accepted
male,C,accepted
male,C,accepted
male,C,accepted
male,C,accepted
male,C,accepted
male,C,accepted
male,C,accepted
male,C,rejected
male,C,rejected
male,C,rejected
male,C,rejected
male,C,rejected
male,C,rejected
male,C,rejected
male,C,rejected
male,C,rejected
male,C,rejected
male,C,rejected
male,C,rejected
male,C,rejected
male,C,rejected
male,C,rejected
male,C,rejected
male,C,rejected
male,C,rejected
male,C,rejected
male,C,rejected
male,C,rejected
male,C,rejected
male,C,rejected
male,C,rejected
male,C,rejected
male,C,rejected
male,C,rejected
male,C,rejected
male,C,rejected
male,C,rejected
male,C,rejected
male,C,rejected
male,C,rejected
male,C,rejected
male,C,rejected
male,C,rejected
male,C,rejected
male,C,rejected
male,C,rejected
male,C,rejected
male,C,rejected
male,C,rejected
male,C,rejected
male,C,rejected
male,C,rejected
male,C,rejected
male,C,rejected
male,C,rejected
male,C,rejected
male,C,rejected
male,C,rejected
male,C,rejected
male,C,rejected
male,C,rejected
male,C,rejected
male,C,rejected
male,C,rejected
male,C,rejected
male,C,rejected
male,C,rejected
male,C,rejected
male,C,rejected
male,C,rejected
male,C,rejected
male,C,rejected
male,C,rejected
male,C,rejected
male,C,rejected
male,C,rejected
male,C,rejected
male,C,rejected
male,C,rejected
male,C,rejected
male,C,rejected
male,C,rejected
male,C,rejected
male,C,rejected
male,C,rejected
male,C,rejected
male,C,rejected
male,C,rejected
male,C,rejected
male,C,rejected
male,C,rejected
male,C,rejected
male,C,rejected
male,C,rejected
male,C,rejected
male,C,rejected
male,C,rejected
male,C,rejected
male,C,rejected
male,C,rejected
male,C,rejected
male,C,rejected
male,C,rejected
male,C,rejected
male,C,rejected
male,C,rejected
male,C,rejected
male,C,rejected
male,C,rejected
male,C,rejected
male,C,rejected
male,C,rejected
male,C,rejected
male,C,rejected
male,C,rejected
male,C,rejected
male,C,rejected
male,C,rejected
male,C,rejected
male,C,rejected
male,C,rejected
male,C,rejected
male,C,rejected
male,C,rejected
male,C,rejected
male,C,rejected
male,C,rejected
male,C,rejected
male,C,rejected
male,C,rejected
male,C,rejected
male,C,rejected
male,C,rejected
male,C,rejected
male,C,rejected
male,C,rejected
male,C,rejected
male,C,rejected
male,C,rejected
male,C,rejected
male,C,rejected
male,C,rejected
male,C,rejected
male,C,rejected
male,C,rejected
male,C,rejected
male,C,rejected
male,C,rejected
male,C,rejected
male,C,rejected
male,C,rejected
male,C,rejected
male,C,rejected
male,C,rejected
male,C,rejected
male,C,rejected
male,C,rejected
male,C,rejected
male,C,rejected
male,C,rejected
male,C,rejected
male,C,rejected
male,C,rejected
male,C,rejected
male,C,rejected
male,C,rejected
male,C,rejected
male,C,rejected
male,C,rejected
male,C,rejected
male,C,rejected
male,C,rejected
male,C,rejected
male,C,rejected
male,C,rejected
male,C,rejected
male,C,rejected
male,C,rejected
male,C,rejected
male,C,rejected
male,C,rejected
male,C,rejected
male,C,rejected
male,C,rejected
male,C,rejected
male,C,rejected
male,C,rejected
male,C,rejected
male,C,rejected
male,C,rejected
male,C,rejected
male,C,rejected
male,C,rejected
male,C,rejected
male,C,rejected
male,C,rejected
male,C,rejected
male,C,rejected
male,C,rejected
male,C,rejected
male,C,rejected
male,C,rejected
male,C,rejected
male,C,rejected
male,C,rejected
male,C,rejected
male,C,rejected
male,C,rejected
male,C,rejected
male,C,rejected
male,C,rejected
male,C,rejected
female,C,accepted
female,C,accepted
female,C,accepted
female,C,accepted
female,C,accepted
female,C,accepted
female,C,accepted
female,C,accepted
female,C,accepted
female,C,accepted
female,C,accepted
female,C,accepted
female,C,accepted
female,C,accepted
female,C,accepted
female,C,accepted
female,C,accepted
female,C,accepted
female,C,accepted
female,C,accepted
female,C,accepted
female,C,accepted
female,C,accepted
female,C,accepted
female,C,accepted
female,C,accepted
female,C,accepted
female,C,accepted
female,C,accepted
female,C,accepted
female,C,accepted
female,C,accepted
female,C,accepted
female,C,accepted
female,C,accepted
female,C,accepted
female,C,accepted
female,C,accepted
female,C,accepted
female,C,accepted
female,C,accepted
female,C,accepted
female,C,accepted
female,C,accepted
female,C,accepted
female,C,accepted
female,C,accepted
female,C,accepted
female,C,accepted
female,C,accepted
female,C,accepted
female,C,accepted
female,C,accepted
female,C,accepted
female,C,accepted
female,C,accepted
female,C,accepted
female,C,accepted
female,C,accepted
female,C,accepted
female,C,accepted
female,C,accepted
female,C,accepted
female,C,accepted
female,C,accepted
female,C,accepted
female,C,accepted
female,C,accepted
female,C,accepted
female,C,accepted
female,C,accepted
female,C,accepted
female,C,accepted
female,C,accepted
female,C,accepted
female,C,accepted
female,C,accepted
female,C,accepted
female,C,accepted
female,C,accepted
female,C,accepted
female,C,accepted
female,C,accepted
female,C,accepted
female,C,accepted
female,C,accepted
female,C,accepted
female,C,accepted
female,C,accepted
female,C,accepted
female,C,accepted
female,C,accepted
female,C,accepted
female,C,accepted
female,C,accepted
female,C,accepted
female,C,accepted
female,C,accepted
female,C,accepted
female,C,accepted
female,C,accepted
female,C,accepted
female,C,accepted
female,C,accepted
female,C,accepted
female,C,accepted
female,C,accepted
female,C,accepted
female,C,accepted
female,C,accepted
female,C,accepted
female,C,accepted
female,C,accepted
female,C,accepted
female,C,accepted
female,C,accepted
female,C,accepted
female,C,accepted
female,C,accepted
female,C,accepted
female,C,accepted
female,C,accepted
female,C,accepted
female,C,accepted
female,C,accepted
female,C,accepted
female,C,accepted
female,C,accepted
female,C,accepted
female,C,accepted
female,C,accepted
female,C,accepted
female,C,accepted
female,C,accepted
female,C,accepted
female,C,accepted
female,C,accepted
female,C,accepted
female,C,accepted
female,C,accepted
female,C,accepted
female,C,accepted
female,C,accepted
female,C,accepted
female,C,accepted
female,C,accepted
female,C,accepted
female,C,accepted
female,C,accepted
female,C,accepted
female,C,accepted
female,C,accepted
female,C,accepted
female,C,accepted
female,C,accepted
female,C,accepted
female,C,accepted
female,C,accepted
female,C,accepted
female,C,accepted
female,C,accepted
female,C,accepted
female,C,accepted
female,C,accepted
female,C,accepted
female,C,accepted
female,C,accepted
female,C,accepted
female,C,accepted
female,C,accepted
female,C,accepted
female,C,accepted
female,C,accepted
female,C,accepted
female,C,accepted
female,C,accepted
female,C,accepted
female,C,accepted
female,C,accepted
female,C,accepted
female,C,accepted
female,C,accepted
female,C,accepted
female,C,accepted
female,C,accepted
female,C,accepted
female,C,accepted
female,C,accepted
female,C,accepted
female,C,accepted
female,C,accepted
female,C,accepted
female,C,accepted
female,C,accepted
female,C,accepted
female,C,accepted
female,C,accepted
female,C,accepted
female,C,accepted
female,C,accepted
female,C,accepted
female,C,accepted
female,C,rejected
female,C,rejected
female,C,rejected
female,C,rejected
female,C,rejected
female,C,rejected
female,C,rejected
female,C,rejected
female,C,rejected
female,C,rejected
female,C,rejected
female,C,rejected
female,C,rejected
female,C,rejected
female,C,rejected
female,C,rejected
female,C,rejected
female,C,rejected
female,C,rejected
female,C,rejected
female,C,rejected
female,C,rejected
female,C,rejected
female,C,rejected
female,C,rejected
female,C,rejected
female,C,rejected
female,C,rejected
female,C,rejected
female,C,rejected
female,C,rejected
female,C,rejected
female,C,rejected
female,C,rejected
female,C,rejected
female,C,rejected
female,C,rejected
female,C,rejected
female,C,rejected
female,C,rejected
female,C,rejected
female,C,rejected
female,C,rejected
female,C,rejected
female,C,rejected
female,C,rejected
female,C,rejected
female,C,rejected
female,C,rejected
female,C,rejected
female,C,rejected
female,C,rejected
female,C,rejected
female,C,rejected
female,C,rejected
female,C,rejected
female,C,rejected
female,C,rejected
female,C,rejected
female,C,rejected
female,C,rejected
female,C,rejected
female,C,rejected
female,C,rejected
female,C,rejected
female,C,rejected
female,C,rejected
female,C,rejected
female,C,rejected
female,C,rejected
female,C,rejected
female,C,rejected
female,C,rejected
female,C,rejected
female,C,rejected
female,C,rejected
female,C,rejected
female,C,rejected
female,C,rejected
female,C,rejected
female,C,rejected
female,C,rejected
female,C,rejected
female,C,rejected
female,C,rejected
female,C,rejected
female,C,rejected
female,C,rejected
female,C,rejected
female,C,rejected
female,C,rejected
female,C,rejected
female,C,rejected
female,C,rejected
female,C,rejected
female,C,rejected
female,C,rejected
female,C,rejected
female,C,rejected
female,C,rejected
female,C,rejected
female,C,rejected
female,C,rejected
female,C,rejected
female,C,rejected
female,C,rejected
female,C,rejected
female,C,rejected
female,C,rejected
female,C,rejected
female,C,rejected
female,C,rejected
female,C,rejected
female,C,rejected
female,C,rejected
female,C,rejected
female,C,rejected
female,C,rejected
female,C,rejected
female,C,rejected
female,C,rejected
female,C,rejected
female,C,rejected
female,C,rejected
female,C,rejected
female,C,rejected
female,C,rejected
female,C,rejected
female,C,rejected
female,C,rejected
female,C,rejected
female,C,rejected
female,C,rejected
female,C,rejected
female,C,rejected
female,C,rejected
female,C,rejected
female,C,rejected
female,C,rejected
female,C,rejected
female,C,rejected
female,C,rejected
female,C,rejected
female,C,rejected
female,C,rejected
female,C,rejected
female,C,rejected
female,C,rejected
female,C,rejected
female,C,rejected
female,C,rejected
female,C,rejected
female,C,rejected
female,C,rejected
female,C,rejected
female,C,rejected
female,C,rejected
female,C,rejected
female,C,rejected
female,C,rejected
female,C,rejected
female,C,rejected
female,C,rejected
female,C,rejected
female,C,rejected
female,C,rejected
female,C,rejected
female,C,rejected
female,C,rejected
female,C,rejected
female,C,rejected
female,C,rejected
female,C,rejected
female,C,rejected
female,C,rejected
female,C,rejected
female,C,rejected
female,C,rejected
female,C,rejected
female,C,rejected
female,C,rejected
female,C,rejected
female,C,rejected
female,C,rejected
female,C,rejected
female,C,rejected
female,C,rejected
female,C,rejected
female,C,rejected
female,C,rejected
female,C,rejected
female,C,rejected
female,C,rejected
female,C,rejected
female,C,rejected
female,C,rejected
female,C,rejected
female,C,rejected
female,C,rejected
female,C,rejected
female,C,rejected
female,C,rejected
female,C,rejected
female,C,rejected
female,C,rejected
female,C,rejected
female,C,rejected
female,C,rejected
female,C,rejected
female,C,rejected
female,C,rejected
female,C,rejected
female,C,rejected
female,C,rejected
female,C,rejected
female,C,rejected
female,C,rejected
female,C,rejected
female,C,rejected
female,C,rejected
female,C,rejected
female,C,rejected
female,C,rejected
female,C,rejected
female,C,rejected
female,C,rejected
female,C,rejected
female,C,rejected
female,C,rejected
female,C,rejected
female,C,rejected
female,C,rejected
female,C,rejected
female,C,rejected
female,C,rejected
female,C,rejected
female,C,rejected
female,C,rejected
female,C,rejected
female,C,rejected
female,C,rejected
female,C,rejected
female,C,rejected
female,C,rejected
female,C,rejected
female,C,rejected
female,C,rejected
female,C,rejected
female,C,rejected
female,C,rejected
female,C,rejected
female,C,rejected
female,C,rejected
female,C,rejected
female,C,rejected
female,C,rejected
female,C,rejected
female,C,rejected
female,C,rejected
female,C,rejected
female,C,rejected
female,C,rejected
female,C,rejected
female,C,rejected
female,C,rejected
female,C,rejected
female,C,rejected
female,C,rejected
female,C,rejected
female,C,rejected
female,C,rejected
female,C,rejected
female,C,rejected
female,C,rejected
female,C,rejected
female,C,rejected
female,C,rejected
female,C,rejected
female,C,rejected
female,C,rejected
female,C,rejected
female,C,rejected
female,C,rejected
female,C,rejected
female,C,rejected
female,C,rejected
female,C,rejected
female,C,rejected
female,C,rejected
female,C,rejected
female,C,rejected
female,C,rejected
female,C,rejected
female,C,rejected
female,C,rejected
female,C,rejected
female,C,rejected
female,C,rejected
female,C,rejected
female,C,rejected
female,C,rejected
female,C,rejected
female,C,rejected
female,C,rejected
female,C,rejected
female,C,rejected
female,C,rejected
female,C,rejected
female,C,rejected
female,C,rejected
female,C,rejected
female,C,rejected
female,C,rejected
female,C,rejected
female,C,rejected
female,C,rejected
female,C,rejected
female,C,rejected
female,C,rejected
female,C,rejected
female,C,rejected
female,C,rejected
female,C,rejected
female,C,rejected
female,C,rejected
female,C,rejected
female,C,rejected
female,C,rejected
female,C,rejected
female,C,rejected
female,C,rejected
female,C,rejected
female,C,rejected
female,C,rejected
female,C,rejected
female,C,rejected
female,C,rejected
female,C,rejected
female,C,rejected
female,C,rejected
female,C,rejected
female,C,rejected
female,C,rejected
female,C,rejected
female,C,rejected
female,C,rejected
female,C,rejected
female,C,rejected
female,C,rejected
female,C,rejected
female,C,rejected
female,C,rejected
female,C,rejected
female,C,rejected
female,C,rejected
female,C,rejected
female,C,rejected
female,C,rejected
female,C,rejected
female,C,rejected
female,C,rejected
female,C,rejected
female,C,rejected
female,C,rejected
female,C,rejected
female,C,rejected
female,C,rejected
female,C,rejected
female,C,rejected
female,C,rejected
female,C,rejected
female,C,rejected
female,C,rejected
female,C,rejected
female,C,rejected
female,C,rejected
female,C,rejected
female,C,rejected
female,C,rejected
female,C,rejected
female,C,rejected
female,C,rejected
female,C,rejected
female,C,rejected
female,C,rejected
female,C,rejected
female,C,rejected
female,C,rejected
female,C,rejected
female,C,rejected
female,C,rejected
male,D,accepted
male,D,accepted
male,D,accepted
male,D,accepted
male,D,accepted
male,D,accepted
male,D,accepted
male,D,accepted
male,D,accepted
male,D,accepted
male,D,accepted
male,D,accepted
male,D,accepted
male,D,accepted
male,D,accepted
male,D,accepted
male,D,accepted
male,D,accepted
male,D,accepted
male,D,accepted
male,D,accepted
male,D,accepted
male,D,accepted
male,D,accepted
male,D,accepted
male,D,accepted
male,D,accepted
male,D,accepted
male,D,accepted
male,D,accepted
male,D,accepted
male,D,accepted
male,D,accepted
male,D,accepted
male,D,accepted
male,D,accepted
male,D,accepted
male,D,accepted
male,D,accepted
male,D,accepted
male,D,accepted
male,D,accepted
male,D,accepted
male,D,accepted
male,D,accepted
male,D,accepted
male,D,accepted
male,D,accepted
male,D,accepted
male,D,accepted
male,D,accepted
male,D,accepted
male,D,accepted
male,D,accepted
male,D,accepted
male,D,accepted
male,D,accepted
male,D,accepted
male,D,accepted
male,D,accepted
male,D,accepted
male,D,accepted
male,D,accepted
male,D,accepted
male,D,accepted
male,D,accepted
male,D,accepted
male,D,accepted
male,D,accepted
male,D,accepted
male,D,accepted
male,D,accepted
male,D,accepted
male,D,accepted
male,D,accepted
male,D,accepted
male,D,accepted
male,D,accepted
male,D,accepted
male,D,accepted
male,D,accepted
male,D,accepted
male,D,accepted
male,D,accepted
male,D,accepted
male,D,accepted
male,D,accepted
male,D,accepted
male,D,accepted
male,D,accepted
male,D,accepted
male,D,accepted
male,D,accepted
male,D,accepted
male,D,accepted
male,D,accepted
male,D,accepted
male,D,accepted
male,D,accepted
male,D,accepted
male,D,accepted
male,D,accepted
male,D,accepted
male,D,accepted
male,D,accepted
male,D,accepted
male,D,accepted
male,D,accepted
male,D,accepted
male,D,accepted
male,D,accepted
male,D,accepted
male,D,accepted
male,D,accepted
male,D,accepted
male,D,accepted
male,D,accepted
male,D,accepted
male,D,accepted
male,D,accepted
male,D,accepted
male,D,accepted
male,D,accepted
male,D,accepted
male,D,accepted
male,D,accepted
male,D,accepted
male,D,accepted
male,D,accepted
male,D,accepted
male,D,accepted
male,D,accepted
male,D,accepted
male,D,accepted
male,D,accepted
male,D,accepted
male,D,accepted
male,D,accepted
male,D,rejected
male,D,rejected
male,D,rejected
male,D,rejected
male,D,rejected
male,D,rejected
male,D,rejected
male,D,rejected
male,D,rejected
male,D,rejected
male,D,rejected
male,D,rejected
male,D,rejected
male,D,rejected
male,D,rejected
male,D,rejected
male,D,rejected
male,D,rejected
male,D,rejected
male,D,rejected
male,D,rejected
male,D,rejected
male,D,rejected
male,D,rejected
male,D,rejected
male,D,rejected
male,D,rejected
male,D,rejected
male,D,rejected
male,D,rejected
male,D,rejected
male,D,rejected
male,D,rejected
male,D,rejected
male,D,rejected
male,D,rejected
male,D,rejected
male,D,rejected
male,D,rejected
male,D,rejected
male,D,rejected
male,D,rejected
male,D,rejected
male,D,rejected
male,D,rejected
male,D,rejected
male,D,rejected
male,D,rejected
male,D,rejected
male,D,rejected
male,D,rejected
male,D,rejected
male,D,rejected
male,D,rejected
male,D,rejected
male,D,rejected
male,D,rejected
male,D,rejected
male,D,rejected
male,D,rejected
male,D,rejected
male,D,rejected
male,D,rejected
male,D,rejected
male,D,rejected
male,D,rejected
male,D,rejected
male,D,rejected
male,D,rejected
male,D,rejected
male,D,rejected
male,D,rejected
male,D,rejected
male,D,rejected
male,D,rejected
male,D,rejected
male,D,rejected
male,D,rejected
male,D,rejected
male,D,rejected
male,D,rejected
male,D,rejected
male,D,rejected
male,D,rejected
male,D,rejected
male,D,rejected
male,D,rejected
male,D,rejected
male,D,rejected
male,D,rejected
male,D,rejected
male,D,rejected
male,D,rejected
male,D,rejected
male,D,rejected
male,D,rejected
male,D,rejected
male,D,rejected
male,D,rejected
male,D,rejected
male,D,rejected
male,D,rejected
male,D,rejected
male,D,rejected
male,D,rejected
male,D,rejected
male,D,rejected
male,D,rejected
male,D,rejected
male,D,rejected
male,D,rejected
male,D,rejected
male,D,rejected
male,D,rejected
male,D,rejected
male,D,rejected
male,D,rejected
male,D,rejected
male,D,rejected
male,D,rejected
male,D,rejected
male,D,rejected
male,D,rejected
male,D,rejected
male,D,rejected
male,D,rejected
male,D,rejected
male,D,rejected
male,D,rejected
male,D,rejected
male,D,rejected
male,D,rejected
male,D,rejected
male,D,rejected
male,D,rejected
male,D,rejected
male,D,rejected
male,D,rejected
male,D,rejected
male,D,rejected
male,D,rejected
male,D,rejected
male,D,rejected
male,D,rejected
male,D,rejected
male,D,rejected
male,D,rejected
male,D,rejected
male,D,rejected
male,D,rejected
male,D,rejected
male,D,rejected
male,D,rejected
male,D,rejected
male,D,rejected
male,D,rejected
male,D,rejected
male,D,rejected
male,D,rejected
male,D,rejected
male,D,rejected
male,D,rejected
male,D,rejected
male,D,rejected
male,D,rejected
male,D,rejected
male,D,rejected
male,D,rejected
male,D,rejected
male,D,rejected
male,D,rejected
male,D,rejected
male,D,rejected
male,D,rejected
male,D,rejected
male,D,rejected
male,D,rejected
male,D,rejected
male,D,rejected
male,D,rejected
male,D,rejected
male,D,rejected
male,D,rejected
male,D,rejected
male,D,rejected
male,D,rejected
male,D,rejected
male,D,rejected
male,D,rejected
male,D,rejected
male,D,rejected
male,D,rejected
male,D,rejected
male,D,rejected
male,D,rejected
male,D,rejected
male,D,rejected
male,D,rejected
male,D,rejected
male,D,rejected
male,D,rejected
male,D,rejected
male,D,rejected
male,D,rejected
male,D,rejected
male,D,rejected
male,D,rejected
male,D,rejected
male,D,rejected
male,D,rejected
male,D,rejected
male,D,rejected
male,D,rejected
male,D,rejected
male,D,rejected
male,D,rejected
male,D,rejected
male,D,rejected
male,D,rejected
male,D,rejected
male,D,rejected
male,D,rejected
male,D,rejected
male,D,rejected
male,D,rejected
male,D,rejected
male,D,rejected
male,D,rejected
male,D,rejected
male,D,rejected
male,D,rejected
male,D,rejected
male,D,rejected
male,D,rejected
male,D,rejected
male,D,rejected
male,D,rejected
male,D,rejected
male,D,rejected
male,D,rejected
male,D,rejected
male,D,rejected
male,D,rejected
male,D,rejected
male,D,rejected
male,D,rejected
male,D,rejected
male,D,rejected
male,D,rejected
male,D,rejected
male,D,rejected
male,D,rejected
male,D,rejected
male,D,rejected
male,D,rejected
male,D,rejected
male,D,rejected
male,D,rejected
male,D,rejected
male,D,rejected
male,D,rejected
male,D,rejected
male,D,rejected
male,D,rejected
male,D,rejected
male,D,rejected
male,D,rejected
male,D,rejected
male,D,rejected
male,D,rejected
male,D,rejected
male,D,rejected
male,D,rejected
male,D,rejected
male,D,rejected
male,D,rejected
male,D,rejected
male,D,rejected
male,D,rejected
female,D,accepted
female,D,accepted
female,D,accepted
female,D,accepted
female,D,accepted
female,D,accepted
female,D,accepted
female,D,accepted
female,D,accepted
female,D,accepted
female,D,accepted
female,D,accepted
female,D,accepted
female,D,accepted
female,D,accepted
female,D,accepted
female,D,accepted
female,D,accepted
female,D,accepted
female,D,accepted
female,D,accepted
female,D,accepted
female,D,accepted
female,D,accepted
female,D,accepted
female,D,accepted
female,D,accepted
female,D,accepted
female,D,accepted
female,D,accepted
female,D,accepted
female,D,accepted
female,D,accepted
female,D,accepted
female,D,accepted
female,D,accepted
female,D,accepted
female,D,accepted
female,D,accepted
female,D,accepted
female,D,accepted
female,D,accepted
female,D,accepted
female,D,accepted
female,D,accepted
female,D,accepted
female,D,accepted
female,D,accepted
female,D,accepted
female,D,accepted
female,D,accepted
female,D,accepted
female,D,accepted
female,D,accepted
female,D,accepted
female,D,accepted
female,D,accepted
female,D,accepted
female,D,accepted
female,D,accepted
female,D,accepted
female,D,accepted
female,D,accepted
female,D,accepted
female,D,accepted
female,D,accepted
female,D,accepted
female,D,accepted
female,D,accepted
female,D,accepted
female,D,accepted
female,D,accepted
female,D,accepted
female,D,accepted
female,D,accepted
female,D,accepted
female,D,accepted
female,D,accepted
female,D,accepted
female,D,accepted
female,D,accepted
female,D,accepted
female,D,accepted
female,D,accepted
female,D,accepted
female,D,accepted
female,D,accepted
female,D,accepted
female,D,accepted
female,D,accepted
female,D,accepted
female,D,accepted
female,D,accepted
female,D,accepted
female,D,accepted
female,D,accepted
female,D,accepted
female,D,accepted
female,D,accepted
female,D,accepted
female,D,accepted
female,D,accepted
female,D,accepted
female,D,accepted
female,D,accepted
female,D,accepted
female,D,accepted
female,D,accepted
female,D,accepted
female,D,accepted
female,D,accepted
female,D,accepted
female,D,accepted
female,D,accepted
female,D,accepted
female,D,accepted
female,D,accepted
female,D,accepted
female,D,accepted
female,D,accepted
female,D,accepted
female,D,accepted
female,D,accepted
female,D,accepted
female,D,accepted
female,D,accepted
female,D,accepted
female,D,accepted
female,D,accepted
female,D,accepted
female,D,accepted
female,D,rejected
female,D,rejected
female,D,rejected
female,D,rejected
female,D,rejected
female,D,rejected
female,D,rejected
female,D,rejected
female,D,rejected
female,D,rejected
female,D,rejected
female,D,rejected
female,D,rejected
female,D,rejected
female,D,rejected
female,D,rejected
female,D,rejected
female,D,rejected
female,D,rejected
female,D,rejected
female,D,rejected
female,D,rejected
female,D,rejected
female,D,rejected
female,D,rejected
female,D,rejected
female,D,rejected
female,D,rejected
female,D,rejected
female,D,rejected
female,D,rejected
female,D,rejected
female,D,rejected
female,D,rejected
female,D,rejected
female,D,rejected
female,D,rejected
female,D,rejected
female,D,rejected
female,D,rejected
female,D,rejected
female,D,rejected
female,D,rejected
female,D,rejected
female,D,rejected
female,D,rejected
female,D,rejected
female,D,rejected
female,D,rejected
female,D,rejected
female,D,rejected
female,D,rejected
female,D,rejected
female,D,rejected
female,D,rejected
female,D,rejected
female,D,rejected
female,D,rejected
female,D,rejected
female,D,rejected
female,D,rejected
female,D,rejected
female,D,rejected
female,D,rejected
female,D,rejected
female,D,rejected
female,D,rejected
female,D,rejected
female,D,rejected
female,D,rejected
female,D,rejected
female,D,rejected
female,D,rejected
female,D,rejected
female,D,rejected
female,D,rejected
female,D,rejected
female,D,rejected
female,D,rejected
female,D,rejected
female,D,rejected
female,D,rejected
female,D,rejected
female,D,rejected
female,D,rejected
female,D,rejected
female,D,rejected
female,D,rejected
female,D,rejected
female,D,rejected
female,D,rejected
female,D,rejected
female,D,rejected
female,D,rejected
female,D,rejected
female,D,rejected
female,D,rejected
female,D,rejected
female,D,rejected
female,D,rejected
female,D,rejected
female,D,rejected
female,D,rejected
female,D,rejected
female,D,rejected
female,D,rejected
female,D,rejected
female,D,rejected
female,D,rejected
female,D,rejected
female,D,rejected
female,D,rejected
female,D,rejected
female,D,rejected
female,D,rejected
female,D,rejected
female,D,rejected
female,D,rejected
female,D,rejected
female,D,rejected
female,D,rejected
female,D,rejected
female,D,rejected
female,D,rejected
female,D,rejected
female,D,rejected
female,D,rejected
female,D,rejected
female,D,rejected
female,D,rejected
female,D,rejected
female,D,rejected
female,D,rejected
female,D,rejected
female,D,rejected
female,D,rejected
female,D,rejected
female,D,rejected
female,D,rejected
female,D,rejected
female,D,rejected
female,D,rejected
female,D,rejected
female,D,rejected
female,D,rejected
female,D,rejected
female,D,rejected
female,D,rejected
female,D,rejected
female,D,rejected
female,D,rejected
female,D,rejected
female,D,rejected
female,D,rejected
female,D,rejected
female,D,rejected
female,D,rejected
female,D,rejected
female,D,rejected
female,D,rejected
female,D,rejected
female,D,rejected
female,D,rejected
female,D,rejected
female,D,rejected
female,D,rejected
female,D,rejected
female,D,rejected
female,D,rejected
female,D,rejected
female,D,rejected
female,D,rejected
female,D,rejected
female,D,rejected
female,D,rejected
female,D,rejected
female,D,rejected
female,D,rejected
female,D,rejected
female,D,rejected
female,D,rejected
female,D,rejected
female,D,rejected
female,D,rejected
female,D,rejected
female,D,rejected
female,D,rejected
female,D,rejected
female,D,rejected
female,D,rejected
female,D,rejected
female,D,rejected
female,D,rejected
female,D,rejected
female,D,rejected
female,D,rejected
female,D,rejected
female,D,rejected
female,D,rejected
female,D,rejected
female,D,rejected
female,D,rejected
female,D,rejected
female,D,rejected
female,D,rejected
female,D,rejected
female,D,rejected
female,D,rejected
female,D,rejected
female,D,rejected
female,D,rejected
female,D,rejected
female,D,rejected
female,D,rejected
female,D,rejected
female,D,rejected
female,D,rejected
female,D,rejected
female,D,rejected
female,D,rejected
female,D,rejected
female,D,rejected
female,D,rejected
female,D,rejected
female,D,rejected
female,D,rejected
female,D,rejected
female,D,rejected
female,D,rejected
female,D,rejected
female,D,rejected
female,D,rejected
female,D,rejected
female,D,rejected
female,D,rejected
female,D,rejected
female,D,rejected
female,D,rejected
female,D,rejected
female,D,rejected
female,D,rejected
female,D,rejected
female,D,rejected
female,D,rejected
male,E,accepted
male,E,accepted
male,E,accepted
male,E,accepted
male,E,accepted
male,E,accepted
male,E,accepted
male,E,accepted
male,E,accepted
male,E,accepted
male,E,accepted
male,E,accepted
male,E,accepted
male,E,accepted
male,E,accepted
male,E,accepted
male,E,accepted
male,E,accepted
male,E,accepted
male,E,accepted
male,E,accepted
male,E,accepted
male,E,accepted
male,E,accepted
male,E,accepted
male,E,accepted
male,E,accepted
male,E,accepted
male,E,accepted
male,E,accepted
male,E,accepted
male,E,accepted
male,E,accepted
male,E,accepted
male,E,accepted
male,E,accepted
male,E,accepted
male,E,accepted
male,E,accepted
male,E,accepted
male,E,accepted
male,E,accepted
male,E,accepted
male,E,accepted
male,E,accepted
male,E,accepted
male,E,accepted
male,E,accepted
male,E,accepted
male,E,accepted
male,E,accepted
male,E,accepted
male,E,accepted
male,E,rejected
male,E,rejected
male,E,rejected
male,E,rejected
male,E,rejected
male,E,rejected
male,E,rejected
male,E,rejected
male,E,rejected
male,E,rejected
male,E,rejected
male,E,rejected
male,E,rejected
male,E,rejected
male,E,rejected
male,E,rejected
male,E,rejected
male,E,rejected
male,E,rejected
male,E,rejected
male,E,rejected
male,E,rejected
male,E,rejected
male,E,rejected
male,E,rejected
male,E,rejected
male,E,rejected
male,E,rejected
male,E,rejected
male,E,rejected
male,E,rejected
male,E,rejected
male,E,rejected
male,E,rejected
male,E,rejected
male,E,rejected
male,E,rejected
male,E,rejected
male,E,rejected
male,E,rejected
male,E,rejected
male,E,rejected
male,E,rejected
male,E,rejected
male,E,rejected
male,E,rejected
male,E,rejected
male,E,rejected
male,E,rejected
male,E,rejected
male,E,rejected
male,E,rejected
male,E,rejected
male,E,rejected
male,E,rejected
male,E,rejected
male,E,rejected
male,E,rejected
male,E,rejected
male,E,rejected
male,E,rejected
male,E,rejected
male,E,rejected
male,E,rejected
male,E,rejected
male,E,rejected
male,E,rejected
male,E,rejected
male,E,rejected
male,E,rejected
male,E,rejected
male,E,rejected
male,E,rejected
male,E,rejected
male,E,rejected
male,E,rejected
male,E,rejected
male,E,rejected
male,E,rejected
male,E,rejected
male,E,rejected
male,E,rejected
male,E,rejected
male,E,rejected
male,E,rejected
male,E,rejected
male,E,rejected
male,E,rejected
male,E,rejected
male,E,rejected
male,E,rejected
male,E,rejected
male,E,rejected
male,E,rejected
male,E,rejected
male,E,rejected
male,E,rejected
male,E,rejected
male,E,rejected
male,E,rejected
male,E,rejected
male,E,rejected
male,E,rejected
male,E,rejected
male,E,rejected
male,E,rejected
male,E,rejected
male,E,rejected
male,E,rejected
male,E,rejected
male,E,rejected
male,E,rejected
male,E,rejected
male,E,rejected
male,E,rejected
male,E,rejected
male,E,rejected
male,E,rejected
male,E,rejected
male,E,rejected
male,E,rejected
male,E,rejected
male,E,rejected
male,E,rejected
male,E,rejected
male,E,rejected
male,E,rejected
male,E,rejected
male,E,rejected
male,E,rejected
male,E,rejected
male,E,rejected
male,E,rejected
male,E,rejected
male,E,rejected
male,E,rejected
male,E,rejected
male,E,rejected
female,E,accepted
female,E,accepted
female,E,accepted
female,E,accepted
female,E,accepted
female,E,accepted
female,E,accepted
female,E,accepted
female,E,accepted
female,E,accepted
female,E,accepted
female,E,accepted
female,E,accepted
female,E,accepted
female,E,accepted
female,E,accepted
female,E,accepted
female,E,accepted
female,E,accepted
female,E,accepted
female,E,accepted
female,E,accepted
female,E,accepted
female,E,accepted
female,E,accepted
female,E,accepted
female,E,accepted
female,E,accepted
female,E,accepted
female,E,accepted
female,E,accepted
female,E,accepted
female,E,accepted
female,E,accepted
female,E,accepted
female,E,accepted
female,E,accepted
female,E,accepted
female,E,accepted
female,E,accepted
female,E,accepted
female,E,accepted
female,E,accepted
female,E,accepted
female,E,accepted
female,E,accepted
female,E,accepted
female,E,accepted
female,E,accepted
female,E,accepted
female,E,accepted
female,E,accepted
female,E,accepted
female,E,accepted
female,E,accepted
female,E,accepted
female,E,accepted
female,E,accepted
female,E,accepted
female,E,accepted
female,E,accepted
female,E,accepted
female,E,accepted
female,E,accepted
female,E,accepted
female,E,accepted
female,E,accepted
female,E,accepted
female,E,accepted
female,E,accepted
female,E,accepted
female,E,accepted
female,E,accepted
female,E,accepted
female,E,accepted
female,E,accepted
female,E,accepted
female,E,accepted
female,E,accepted
female,E,accepted
female,E,accepted
female,E,accepted
female,E,accepted
female,E,accepted
female,E,accepted
female,E,accepted
female,E,accepted
female,E,accepted
female,E,accepted
female,E,accepted
female,E,accepted
female,E,accepted
female,E,accepted
female,E,accepted
female,E,rejected
female,E,rejected
female,E,rejected
female,E,rejected
female,E,rejected
female,E,rejected
female,E,rejected
female,E,rejected
female,E,rejected
female,E,rejected
female,E,rejected
female,E,rejected
female,E,rejected
female,E,rejected
female,E,rejected
female,E,rejected
female,E,rejected
female,E,rejected
female,E,rejected
female,E,rejected
female,E,rejected
female,E,rejected
female,E,rejected
female,E,rejected
female,E,rejected
female,E,rejected
female,E,rejected
female,E,rejected
female,E,rejected
female,E,rejected
female,E,rejected
female,E,rejected
female,E,rejected
female,E,rejected
female,E,rejected
female,E,rejected
female,E,rejected
female,E,rejected
female,E,rejected
female,E,rejected
female,E,rejected
female,E,rejected
female,E,rejected
female,E,rejected
female,E,rejected
female,E,rejected
female,E,rejected
female,E,rejected
female,E,rejected
female,E,rejected
female,E,rejected
female,E,rejected
female,E,rejected
female,E,rejected
female,E,rejected
female,E,rejected
female,E,rejected
female,E,rejected
female,E,rejected
female,E,rejected
female,E,rejected
female,E,rejected
female,E,rejected
female,E,rejected
female,E,rejected
female,E,rejected
female,E,rejected
female,E,rejected
female,E,rejected
female,E,rejected
female,E,rejected
female,E,rejected
female,E,rejected
female,E,rejected
female,E,rejected
female,E,rejected
female,E,rejected
female,E,rejected
female,E,rejected
female,E,rejected
female,E,rejected
female,E,rejected
female,E,rejected
female,E,rejected
female,E,rejected
female,E,rejected
female,E,rejected
female,E,rejected
female,E,rejected
female,E,rejected
female,E,rejected
female,E,rejected
female,E,rejected
female,E,rejected
female,E,rejected
female,E,rejected
female,E,rejected
female,E,rejected
female,E,rejected
female,E,rejected
female,E,rejected
female,E,rejected
female,E,rejected
female,E,rejected
female,E,rejected
female,E,rejected
female,E,rejected
female,E,rejected
female,E,rejected
female,E,rejected
female,E,rejected
female,E,rejected
female,E,rejected
female,E,rejected
female,E,rejected
female,E,rejected
female,E,rejected
female,E,rejected
female,E,rejected
female,E,rejected
female,E,rejected
female,E,rejected
female,E,rejected
female,E,rejected
female,E,rejected
female,E,rejected
female,E,rejected
female,E,rejected
female,E,rejected
female,E,rejected
female,E,rejected
female,E,rejected
female,E,rejected
female,E,rejected
female,E,rejected
female,E,rejected
female,E,rejected
female,E,rejected
female,E,rejected
female,E,rejected
female,E,rejected
female,E,rejected
female,E,rejected
female,E,rejected
female,E,rejected
female,E,rejected
female,E,rejected
female,E,rejected
female,E,rejected
female,E,rejected
female,E,rejected
female,E,rejected
female,E,rejected
female,E,rejected
female,E,rejected
female,E,rejected
female,E,rejected
female,E,rejected
female,E,rejected
female,E,rejected
female,E,rejected
female,E,rejected
female,E,rejected
female,E,rejected
female,E,rejected
female,E,rejected
female,E,rejected
female,E,rejected
female,E,rejected
female,E,rejected
female,E,rejected
female,E,rejected
female,E,rejected
female,E,rejected
female,E,rejected
female,E,rejected
female,E,rejected
female,E,rejected
female,E,rejected
female,E,rejected
female,E,rejected
female,E,rejected
female,E,rejected
female,E,rejected
female,E,rejected
female,E,rejected
female,E,rejected
female,E,rejected
female,E,rejected
female,E,rejected
female,E,rejected
female,E,rejected
female,E,rejected
female,E,rejected
female,E,rejected
female,E,rejected
female,E,rejected
female,E,rejected
female,E,rejected
female,E,rejected
female,E,rejected
female,E,rejected
female,E,rejected
female,E,rejected
female,E,rejected
female,E,rejected
female,E,rejected
female,E,rejected
female,E,rejected
female,E,rejected
female,E,rejected
female,E,rejected
female,E,rejected
female,E,rejected
female,E,rejected
female,E,rejected
female,E,rejected
female,E,rejected
female,E,rejected
female,E,rejected
female,E,rejected
female,E,rejected
female,E,rejected
female,E,rejected
female,E,rejected
female,E,rejected
female,E,rejected
female,E,rejected
female,E,rejected
female,E,rejected
female,E,rejected
female,E,rejected
female,E,rejected
female,E,rejected
female,E,rejected
female,E,rejected
female,E,rejected
female,E,rejected
female,E,rejected
female,E,rejected
female,E,rejected
female,E,rejected
female,E,rejected
female,E,rejected
female,E,rejected
female,E,rejected
female,E,rejected
female,E,rejected
female,E,rejected
female,E,rejected
female,E,rejected
female,E,rejected
female,E,rejected
female,E,rejected
female,E,rejected
female,E,rejected
female,E,rejected
female,E,rejected
female,E,rejected
female,E,rejected
female,E,rejected
female,E,rejected
female,E,rejected
female,E,rejected
female,E,rejected
female,E,rejected
female,E,rejected
female,E,rejected
female,E,rejected
female,E,rejected
female,E,rejected
female,E,rejected
female,E,rejected
female,E,rejected
female,E,rejected
female,E,rejected
female,E,rejected
female,E,rejected
female,E,rejected
female,E,rejected
female,E,rejected
female,E,rejected
female,E,rejected
female,E,rejected
female,E,rejected
female,E,rejected
female,E,rejected
female,E,rejected
female,E,rejected
female,E,rejected
female,E,rejected
female,E,rejected
female,E,rejected
female,E,rejected
female,E,rejected
female,E,rejected
female,E,rejected
female,E,rejected
female,E,rejected
male,F,accepted
male,F,accepted
male,F,accepted
male,F,accepted
male,F,accepted
male,F,accepted
male,F,accepted
male,F,accepted
male,F,accepted
male,F,accepted
male,F,accepted
male,F,accepted
male,F,accepted
male,F,accepted
male,F,accepted
male,F,accepted
male,F,accepted
male,F,accepted
male,F,accepted
male,F,accepted
male,F,accepted
male,F,accepted
male,F,rejected
male,F,rejected
male,F,rejected
male,F,rejected
male,F,rejected
male,F,rejected
male,F,rejected
male,F,rejected
male,F,rejected
male,F,rejected
male,F,rejected
male,F,rejected
male,F,rejected
male,F,rejected
male,F,rejected
male,F,rejected
male,F,rejected
male,F,rejected
male,F,rejected
male,F,rejected
male,F,rejected
male,F,rejected
male,F,rejected
male,F,rejected
male,F,rejected
male,F,rejected
male,F,rejected
male,F,rejected
male,F,rejected
male,F,rejected
male,F,rejected
male,F,rejected
male,F,rejected
male,F,rejected
male,F,rejected
male,F,rejected
male,F,rejected
male,F,rejected
male,F,rejected
male,F,rejected
male,F,rejected
male,F,rejected
male,F,rejected
male,F,rejected
male,F,rejected
male,F,rejected
male,F,rejected
male,F,rejected
male,F,rejected
male,F,rejected
male,F,rejected
male,F,rejected
male,F,rejected
male,F,rejected
male,F,rejected
male,F,rejected
male,F,rejected
male,F,rejected
male,F,rejected
male,F,rejected
male,F,rejected
male,F,rejected
male,F,rejected
male,F,rejected
male,F,rejected
male,F,rejected
male,F,rejected
male,F,rejected
male,F,rejected
male,F,rejected
male,F,rejected
male,F,rejected
male,F,rejected
male,F,rejected
male,F,rejected
male,F,rejected
male,F,rejected
male,F,rejected
male,F,rejected
male,F,rejected
male,F,rejected
male,F,rejected
male,F,rejected
male,F,rejected
male,F,rejected
male,F,rejected
male,F,rejected
male,F,rejected
male,F,rejected
male,F,rejected
male,F,rejected
male,F,rejected
male,F,rejected
male,F,rejected
male,F,rejected
male,F,rejected
male,F,rejected
male,F,rejected
male,F,rejected
male,F,rejected
male,F,rejected
male,F,rejected
male,F,rejected
male,F,rejected
male,F,rejected
male,F,rejected
male,F,rejected
male,F,rejected
male,F,rejected
male,F,rejected
male,F,rejected
male,F,rejected
male,F,rejected
male,F,rejected
male,F,rejected
male,F,rejected
male,F,rejected
male,F,rejected
male,F,rejected
male,F,rejected
male,F,rejected
male,F,rejected
male,F,rejected
male,F,rejected
male,F,rejected
male,F,rejected
male,F,rejected
male,F,rejected
male,F,rejected
male,F,rejected
male,F,rejected
male,F,rejected
male,F,rejected
male,F,rejected
male,F,rejected
male,F,rejected
male,F,rejected
male,F,rejected
male,F,rejected
male,F,rejected
male,F,rejected
male,F,rejected
male,F,rejected
male,F,rejected
male,F,rejected
male,F,rejected
male,F,rejected
male,F,rejected
male,F,rejected
male,F,rejected
male,F,rejected
male,F,rejected
male,F,rejected
male,F,rejected
male,F,rejected
male,F,rejected
male,F,rejected
male,F,rejected
male,F,rejected
male,F,rejected
male,F,rejected
male,F,rejected
male,F,rejected
male,F,rejected
male,F,rejected
male,F,rejected
male,F,rejected
male,F,rejected
male,F,rejected
male,F,rejected
male,F,rejected
male,F,rejected
male,F,rejected
male,F,rejected
male,F,rejected
male,F,rejected
male,F,rejected
male,F,rejected
male,F,rejected
male,F,rejected
male,F,rejected
male,F,rejected
male,F,rejected
male,F,rejected
male,F,rejected
male,F,rejected
male,F,rejected
male,F,rejected
male,F,rejected
male,F,rejected
male,F,rejected
male,F,rejected
male,F,rejected
male,F,rejected
male,F,rejected
male,F,rejected
male,F,rejected
male,F,rejected
male,F,rejected
male,F,rejected
male,F,rejected
male,F,rejected
male,F,rejected
male,F,rejected
male,F,rejected
male,F,rejected
male,F,rejected
male,F,rejected
male,F,rejected
male,F,rejected
male,F,rejected
male,F,rejected
male,F,rejected
male,F,rejected
male,F,rejected
male,F,rejected
male,F,rejected
male,F,rejected
male,F,rejected
male,F,rejected
male,F,rejected
male,F,rejected
male,F,rejected
male,F,rejected
male,F,rejected
male,F,rejected
male,F,rejected
male,F,rejected
male,F,rejected
male,F,rejected
male,F,rejected
male,F,rejected
male,F,rejected
male,F,rejected
male,F,rejected
male,F,rejected
male,F,rejected
male,F,rejected
male,F,rejected
male,F,rejected
male,F,rejected
male,F,rejected
male,F,rejected
male,F,rejected
male,F,rejected
male,F,rejected
male,F,rejected
male,F,rejected
male,F,rejected
male,F,rejected
male,F,rejected
male,F,rejected
male,F,rejected
male,F,rejected
male,F,rejected
male,F,rejected
male,F,rejected
male,F,rejected
male,F,rejected
male,F,rejected
male,F,rejected
male,F,rejected
male,F,rejected
male,F,rejected
male,F,rejected
male,F,rejected
male,F,rejected
male,F,rejected
male,F,rejected
male,F,rejected
male,F,rejected
male,F,rejected
male,F,rejected
male,F,rejected
male,F,rejected
male,F,rejected
male,F,rejected
male,F,rejected
male,F,rejected
male,F,rejected
male,F,rejected
male,F,rejected
male,F,rejected
male,F,rejected
male,F,rejected
male,F,rejected
male,F,rejected
male,F,rejected
male,F,rejected
male,F,rejected
male,F,rejected
male,F,rejected
male,F,rejected
male,F,rejected
male,F,rejected
male,F,rejected
male,F,rejected
male,F,rejected
male,F,rejected
male,F,rejected
male,F,rejected
male,F,rejected
male,F,rejected
male,F,rejected
male,F,rejected
male,F,rejected
male,F,rejected
male,F,rejected
male,F,rejected
male,F,rejected
male,F,rejected
male,F,rejected
male,F,rejected
male,F,rejected
male,F,rejected
male,F,rejected
male,F,rejected
male,F,rejected
male,F,rejected
male,F,rejected
male,F,rejected
male,F,rejected
male,F,rejected
male,F,rejected
male,F,rejected
male,F,rejected
male,F,rejected
male,F,rejected
male,F,rejected
male,F,rejected
male,F,rejected
male,F,rejected
male,F,rejected
male,F,rejected
male,F,rejected
male,F,rejected
male,F,rejected
male,F,rejected
male,F,rejected
male,F,rejected
male,F,rejected
male,F,rejected
male,F,rejected
male,F,rejected
male,F,rejected
male,F,rejected
male,F,rejected
male,F,rejected
male,F,rejected
male,F,rejected
male,F,rejected
female,F,accepted
female,F,accepted
female,F,accepted
female,F,accepted
female,F,accepted
female,F,accepted
female,F,accepted
female,F,accepted
female,F,accepted
female,F,accepted
female,F,accepted
female,F,accepted
female,F,accepted
female,F,accepted
female,F,accepted
female,F,accepted
female,F,accepted
female,F,accepted
female,F,accepted
female,F,accepted
female,F,accepted
female,F,accepted
female,F,accepted
female,F,accepted
female,F,rejected
female,F,rejected
female,F,rejected
female,F,rejected
female,F,rejected
female,F,rejected
female,F,rejected
female,F,rejected
female,F,rejected
female,F,rejected
female,F,rejected
female,F,rejected
female,F,rejected
female,F,rejected
female,F,rejected
female,F,rejected
female,F,rejected
female,F,rejected
female,F,rejected
female,F,rejected
female,F,rejected
female,F,rejected
female,F,rejected
female,F,rejected
female,F,rejected
female,F,rejected
female,F,rejected
female,F,rejected
female,F,rejected
female,F,rejected
female,F,rejected
female,F,rejected
female,F,rejected
female,F,rejected
female,F,rejected
female,F,rejected
female,F,rejected
female,F,rejected
female,F,rejected
female,F,rejected
female,F,rejected
female,F,rejected
female,F,rejected
female,F,rejected
female,F,rejected
female,F,rejected
female,F,rejected
female,F,rejected
female,F,rejected
female,F,rejected
female,F,rejected
female,F,rejected
female,F,rejected
female,F,rejected
female,F,rejected
female,F,rejected
female,F,rejected
female,F,rejected
female,F,rejected
female,F,rejected
female,F,rejected
female,F,rejected
female,F,rejected
female,F,rejected
female,F,rejected
female,F,rejected
female,F,rejected
female,F,rejected
female,F,rejected
female,F,rejected
female,F,rejected
female,F,rejected
female,F,rejected
female,F,rejected
female,F,rejected
female,F,rejected
female,F,rejected
female,F,rejected
female,F,rejected
female,F,rejected
female,F,rejected
female,F,rejected
female,F,rejected
female,F,rejected
female,F,rejected
female,F,rejected
female,F,rejected
female,F,rejected
female,F,rejected
female,F,rejected
female,F,rejected
female,F,rejected
female,F,rejected
female,F,rejected
female,F,rejected
female,F,rejected
female,F,rejected
female,F,rejected
female,F,rejected
female,F,rejected
female,F,rejected
female,F,rejected
female,F,rejected
female,F,rejected
female,F,rejected
female,F,rejected
female,F,rejected
female,F,rejected
female,F,rejected
female,F,rejected
female,F,rejected
female,F,rejected
female,F,rejected
female,F,rejected
female,F,rejected
female,F,rejected
female,F,rejected
female,F,rejected
female,F,rejected
female,F,rejected
female,F,rejected
female,F,rejected
female,F,rejected
female,F,rejected
female,F,rejected
female,F,rejected
female,F,rejected
female,F,rejected
female,F,rejected
female,F,rejected
female,F,rejected
female,F,rejected
female,F,rejected
female,F,rejected
female,F,rejected
female,F,rejected
female,F,rejected
female,F,rejected
female,F,rejected
female,F,rejected
female,F,rejected
female,F,rejected
female,F,rejected
female,F,rejected
female,F,rejected
female,F,rejected
female,F,rejected
female,F,rejected
female,F,rejected
female,F,rejected
female,F,rejected
female,F,rejected
female,F,rejected
female,F,rejected
female,F,rejected
female,F,rejected
female,F,rejected
female,F,rejected
female,F,rejected
female,F,rejected
female,F,rejected
female,F,rejected
female,F,rejected
female,F,rejected
female,F,rejected
female,F,rejected
female,F,rejected
female,F,rejected
female,F,rejected
female,F,rejected
female,F,rejected
female,F,rejected
female,F,rejected
female,F,rejected
female,F,rejected
female,F,rejected
female,F,rejected
female,F,rejected
female,F,rejected
female,F,rejected
female,F,rejected
female,F,rejected
female,F,rejected
female,F,rejected
female,F,rejected
female,F,rejected
female,F,rejected
female,F,rejected
female,F,rejected
female,F,rejected
female,F,rejected
female,F,rejected
female,F,rejected
female,F,rejected
female,F,rejected
female,F,rejected
female,F,rejected
female,F,rejected
female,F,rejected
female,F,rejected
female,F,rejected
female,F,rejected
female,F,rejected
female,F,rejected
female,F,rejected
female,F,rejected
female,F,rejected
female,F,rejected
female,F,rejected
female,F,rejected
female,F,rejected
female,F,rejected
female,F,rejected
female,F,rejected
female,F,rejected
female,F,rejected
female,F,rejected
female,F,rejected
female,F,rejected
female,F,rejected
female,F,rejected
female,F,rejected
female,F,rejected
female,F,rejected
female,F,rejected
female,F,rejected
female,F,rejected
female,F,rejected
female,F,rejected
female,F,rejected
female,F,rejected
female,F,rejected
female,F,rejected
female,F,rejected
female,F,rejected
female,F,rejected
female,F,rejected
female,F,rejected
female,F,rejected
female,F,rejected
female,F,rejected
female,F,rejected
female,F,rejected
female,F,rejected
female,F,rejected
female,F,rejected
female,F,rejected
female,F,rejected
female,F,rejected
female,F,rejected
female,F,rejected
female,F,rejected
female,F,rejected
female,F,rejected
female,F,rejected
female,F,rejected
female,F,rejected
female,F,rejected
female,F,rejected
female,F,rejected
female,F,rejected
female,F,rejected
female,F,rejected
female,F,rejected
female,F,rejected
female,F,rejected
female,F,rejected
female,F,rejected
female,F,rejected
female,F,rejected
female,F,rejected
female,F,rejected
female,F,rejected
female,F,rejected
female,F,rejected
female,F,rejected
female,F,rejected
female,F,rejected
female,F,rejected
female,F,rejected
female,F,rejected
female,F,rejected
female,F,rejected
female,F,rejected
female,F,rejected
female,F,rejected
female,F,rejected
female,F,rejected
female,F,rejected
female,F,rejected
female,F,rejected
female,F,rejected
female,F,rejected
female,F,rejected
female,F,rejected
female,F,rejected
female,F,rejected
female,F,rejected
female,F,rejected
female,F,rejected
female,F,rejected
female,F,rejected
female,F,rejected
female,F,rejected
female,F,rejected
female,F,rejected
female,F,rejected
female,F,rejected
female,F,rejected
female,F,rejected
female,F,rejected
female,F,rejected
female,F,rejected
female,F,rejected
female,F,rejected
female,F,rejected
female,F,rejected